﻿<?xml version="1.0" encoding="utf-8"?>
<!--
Sample file just specifies 1 way link
The other way of the link is handled by RoadSystem.Link function

More complex shortest path
Expected result : 1,4,2,5,3
-->
<graph>
  <node id="1" role="start">
    <link ref="2" weight="8"/>
    <link ref="4" weight="2"/>    
  </node>
  <node id="2">
    <link ref="3" weight="10"/>
    <link ref="4" weight="3"/>
    <link ref="5" weight="1"/>
  </node>
  <node id="3" role="finish">
    <link ref="5" weight="2"/>
  </node>
  <node id="4">
    <link ref="5" weight="9"/>
  </node>
  <node id="5">
  </node>
</graph>