﻿<?xml version="1.0" encoding="utf-8"?>
<!--
Sample file just specifies 1 way link
The other way of the link is handled by RoadSystem.Link function

Simple case of RoadSystem
Expected result : 1,2,3
-->
<graph>
  <node id="1" role="start">
    <link ref="2" weight="2"/>
    <link ref="4" weight="3"/>
  </node>
  <node id="2">
    <link ref="3" weight="2"/>
    <link ref="4" weight="7"/>
    <link ref="5" weight="6"/>
  </node>
  <node id="3" role="finish">
    <link ref="5" weight="6"/>    
  </node>
  <node id="4">
    <link ref="5" weight="4"/>
  </node>
  <node id="5">
  </node>
</graph>